DATE,Deposits_Billions
03/01/1973,613.674
10/01/1973,596.582
17/01/1973,597.567
24/01/1973,589.744
31/01/1973,596.4237
07/02/1973,589.6323
14/02/1973,598.0715
21/02/1973,602.8889
28/02/1973,605.0901
07/03/1973,601.0552
14/03/1973,603.565
21/03/1973,600.7131
28/03/1973,602.827
04/04/1973,611.8441
11/04/1973,609.5075
18/04/1973,613.5123
25/04/1973,610.2352
02/05/1973,618.5577
09/05/1973,609.6577
16/05/1973,618.2803
23/05/1973,609.5717
30/05/1973,618.2061
06/06/1973,618.4702
13/06/1973,620.4688
20/06/1973,624.7969
27/06/1973,621.1174
04/07/1973,639.5762
11/07/1973,628.18
18/07/1973,628.7554
25/07/1973,625.4915
01/08/1973,637.2462
08/08/1973,628.0646
15/08/1973,637.728
22/08/1973,625.7115
29/08/1973,624.4741
05/09/1973,640.1014
12/09/1973,639.8646
19/09/1973,636.7047
26/09/1973,635.6065
03/10/1973,643.4137
10/10/1973,648.4812
17/10/1973,643.5954
24/10/1973,647.9977
31/10/1973,652.1992
07/11/1973,656.2916
14/11/1973,651.3275
21/11/1973,643.6987
28/11/1973,644.5062
05/12/1973,651.7244
12/12/1973,658.2506
19/12/1973,663.031
26/12/1973,660.0372
02/01/1974,689.3648
09/01/1974,666.9471
16/01/1974,669.5766
23/01/1974,656.9467
30/01/1974,658.589
06/02/1974,659.8819
13/02/1974,666.9213
20/02/1974,667.8986
27/02/1974,658.7378
06/03/1974,665.6631
13/03/1974,663.6496
20/03/1974,666.6847
27/03/1974,667.5668
03/04/1974,680.3197
10/04/1974,682.5193
17/04/1974,691.3169
24/04/1974,676.3064
01/05/1974,691.1074
08/05/1974,681.7
15/05/1974,691.6687
22/05/1974,681.9791
29/05/1974,690.0212
05/06/1974,691.4011
12/06/1974,691.4014
19/06/1974,696.6982
26/06/1974,695.9736
03/07/1974,708.6569
10/07/1974,699.3452
17/07/1974,699.8275
24/07/1974,692.8034
31/07/1974,703.2174
07/08/1974,697.0845
14/08/1974,697.6658
21/08/1974,693.0215
28/08/1974,694.9699
04/09/1974,712.4026
11/09/1974,705.0534
18/09/1974,703.1354
25/09/1974,699.5223
02/10/1974,709.554
09/10/1974,703.0902
16/10/1974,723.9379
23/10/1974,704.4454
30/10/1974,707.4228
06/11/1974,718.9553
13/11/1974,717.9984
20/11/1974,708.864
27/11/1974,718.0412
04/12/1974,721.0786
11/12/1974,721.4542
18/12/1974,729.308
25/12/1974,730.1555
01/01/1975,753.5499
08/01/1975,728.5152
15/01/1975,727.211
22/01/1975,712.456
29/01/1975,706.2484
05/02/1975,717.1175
12/02/1975,711.6505
19/02/1975,720.1816
26/02/1975,708.6568
05/03/1975,724.7185
12/03/1975,722.347
19/03/1975,719.8013
26/03/1975,718.1165
02/04/1975,731.2359
09/04/1975,730.7828
16/04/1975,738.6779
23/04/1975,725.1053
30/04/1975,733.3154
07/05/1975,726.3097
14/05/1975,729.7402
21/05/1975,725.399
28/05/1975,733.7044
04/06/1975,741.4717
11/06/1975,741.5639
18/06/1975,746.4154
25/06/1975,735.68
02/07/1975,749.5789
09/07/1975,744.8001
16/07/1975,744.1027
23/07/1975,733.0216
30/07/1975,733.6645
06/08/1975,739.5192
13/08/1975,735.0904
20/08/1975,733.5203
27/08/1975,732.551
03/09/1975,750.4091
10/09/1975,742.693
17/09/1975,744.5503
24/09/1975,733.111
01/10/1975,751.802
08/10/1975,747.5067
15/10/1975,764.6091
22/10/1975,744.5445
29/10/1975,742.5657
05/11/1975,760.722
12/11/1975,765.5467
19/11/1975,745.6263
26/11/1975,756.8532
03/12/1975,759.3452
10/12/1975,756.9431
17/12/1975,766.5389
24/12/1975,763.1448
31/12/1975,789.0402
07/01/1976,772.5482
14/01/1976,765.5741
21/01/1976,758.456
28/01/1976,749.5301
04/02/1976,762.2192
11/02/1976,756.3592
18/02/1976,773.9918
25/02/1976,749.7338
03/03/1976,764.7208
10/03/1976,763.2884
17/03/1976,767.959
24/03/1976,759.8254
31/03/1976,775.8387
07/04/1976,774.7969
14/04/1976,779.05
21/04/1976,772.7426
28/04/1976,763.9317
05/05/1976,773.6414
12/05/1976,768.3078
19/05/1976,765.4677
26/05/1976,765.2235
02/06/1976,785.6915
09/06/1976,772.8218
16/06/1976,792.96
23/06/1976,778.2602
30/06/1976,799.0553
07/07/1976,800.4915
14/07/1976,788.8458
21/07/1976,784.2212
28/07/1976,775.6453
04/08/1976,787.4198
11/08/1976,779.8966
18/08/1976,779.1698
25/08/1976,773.6296
01/09/1976,786.6615
08/09/1976,792.5224
15/09/1976,800.2506
22/09/1976,783.5248
29/09/1976,788.6837
06/10/1976,801.8938
13/10/1976,806.4437
20/10/1976,796.9101
27/10/1976,791.6714
03/11/1976,810.8653
10/11/1976,797.6116
17/11/1976,802.3603
24/11/1976,802.8079
01/12/1976,818.9741
08/12/1976,809.3546
15/12/1976,834.6771
22/12/1976,829.0268
29/12/1976,827.2896
05/01/1977,840.364
12/01/1977,827.7429
19/01/1977,821.9244
26/01/1977,808.8364
02/02/1977,818.116
09/02/1977,808.1173
16/02/1977,815.4877
23/02/1977,818.4261
02/03/1977,824.8473
09/03/1977,817.6071
16/03/1977,836.1461
23/03/1977,821.4569
30/03/1977,829.8814
06/04/1977,845.3862
13/04/1977,844.6575
20/04/1977,842.5966
27/04/1977,833.9397
04/05/1977,843.0648
11/05/1977,833.2394
18/05/1977,841.1756
25/05/1977,834.1654
01/06/1977,862.6131
08/06/1977,847.5767
15/06/1977,872.9558
22/06/1977,849.2834
29/06/1977,852.469
06/07/1977,878.5322
13/07/1977,862.541
20/07/1977,863.8822
27/07/1977,856.0727
03/08/1977,868.0766
10/08/1977,857.6688
17/08/1977,861.3872
24/08/1977,851.2508
31/08/1977,870.6822
07/09/1977,876.869
14/09/1977,875.9572
21/09/1977,867.2151
28/09/1977,868.4126
05/10/1977,889.8486
12/10/1977,891.4039
19/10/1977,878.679
26/10/1977,871.725
02/11/1977,884.0707
09/11/1977,892.9847
16/11/1977,897.508
23/11/1977,883.087
30/11/1977,895.9138
07/12/1977,893.0627
14/12/1977,905.4845
21/12/1977,913.6859
28/12/1977,920.7391
04/01/1978,935.3243
11/01/1978,909.4566
18/01/1978,909.137
25/01/1978,893.2275
01/02/1978,906.207
08/02/1978,902.0076
15/02/1978,909.95
22/02/1978,911.9351
01/03/1978,918.965
08/03/1978,907.5605
15/03/1978,928.3153
22/03/1978,914.4511
29/03/1978,915.2289
05/04/1978,944.9586
12/04/1978,935.3385
19/04/1978,941.2651
26/04/1978,929.4823
03/05/1978,938.8622
10/05/1978,930.4581
17/05/1978,934.473
24/05/1978,926.1455
31/05/1978,965.7386
07/06/1978,946.8891
14/06/1978,954.997
21/06/1978,953.6549
28/06/1978,949.6545
05/07/1978,987.7458
12/07/1978,961.2287
19/07/1978,957.4325
26/07/1978,947.6683
02/08/1978,959.9208
09/08/1978,950.5985
16/08/1978,962.5205
23/08/1978,947.219
30/08/1978,953.3963
06/09/1978,982.1028
13/09/1978,972.6321
20/09/1978,974.0637
27/09/1978,969.6848
04/10/1978,987.1839
11/10/1978,985.7044
18/10/1978,977.0205
25/10/1978,971.5061
01/11/1978,987.4189
08/11/1978,995.3275
15/11/1978,996.7886
22/11/1978,985.0126
29/11/1978,979.4295
06/12/1978,994.721
13/12/1978,997.2028
20/12/1978,1008.6334
27/12/1978,1016.3311
03/01/1979,999.8746
10/01/1979,1001.2143
17/01/1979,999.916
24/01/1979,999.7379
31/01/1979,1000.3256
07/02/1979,995.695
14/02/1979,991.4223
21/02/1979,1003.6789
28/02/1979,1007.9723
07/03/1979,992.7777
14/03/1979,1000.548
21/03/1979,1000.713
28/03/1979,1003.9603
04/04/1979,1008.5024
11/04/1979,1010.9187
18/04/1979,1005.5877
25/04/1979,1010.7947
02/05/1979,1008.8125
09/05/1979,1005.2121
16/05/1979,1012.2792
23/05/1979,1006.821
30/05/1979,1010.5297
06/06/1979,1004.998
13/06/1979,1016.6931
20/06/1979,1022.8567
27/06/1979,1026.6883
04/07/1979,1030.8942
11/07/1979,1035.2839
18/07/1979,1027.1688
25/07/1979,1040.383
01/08/1979,1035.4635
08/08/1979,1025.2975
15/08/1979,1032.0865
22/08/1979,1030.4877
29/08/1979,1029.9786
05/09/1979,1050.4869
12/09/1979,1048.8594
19/09/1979,1062.5001
26/09/1979,1056.3693
03/10/1979,1066.4205
10/10/1979,1071.6904
17/10/1979,1056.0403
24/10/1979,1065.1005
31/10/1979,1065.9148
07/11/1979,1061.8695
14/11/1979,1077.9323
21/11/1979,1074.9352
28/11/1979,1063.1317
05/12/1979,1075.5074
12/12/1979,1078.095
19/12/1979,1070.1696
26/12/1979,1065.9019
02/01/1980,1075.2589
09/01/1980,1074.9295
16/01/1980,1079.7028
23/01/1980,1081.405
30/01/1980,1071.5667
06/02/1980,1085.9912
13/02/1980,1087.4071
20/02/1980,1091.1407
27/02/1980,1080.465
05/03/1980,1091.7061
12/03/1980,1093.3168
19/03/1980,1097.5707
26/03/1980,1090.8305
02/04/1980,1095.2733
09/04/1980,1097.4183
16/04/1980,1093.858
23/04/1980,1099.2939
30/04/1980,1106.1384
07/05/1980,1097.2281
14/05/1980,1101.5861
21/05/1980,1100.9348
28/05/1980,1102.5674
04/06/1980,1098.9269
11/06/1980,1105.6385
18/06/1980,1103.4044
25/06/1980,1108.1412
02/07/1980,1105.1685
09/07/1980,1113.1612
16/07/1980,1118.6479
23/07/1980,1119.1764
30/07/1980,1105.641
06/08/1980,1114.6507
13/08/1980,1113.6739
20/08/1980,1126.0053
27/08/1980,1122.5468
03/09/1980,1136.5192
10/09/1980,1128.1322
17/09/1980,1138.969
24/09/1980,1137.621
01/10/1980,1146.3042
08/10/1980,1140.258
15/10/1980,1164.6178
22/10/1980,1154.3134
29/10/1980,1150.8327
05/11/1980,1173.1302
12/11/1980,1189.211
19/11/1980,1167.5396
26/11/1980,1184.813
03/12/1980,1177.3492
10/12/1980,1181.616
17/12/1980,1175.2484
24/12/1980,1192.2334
31/12/1980,1194.5712
07/01/1981,1192.2306
14/01/1981,1195.7372
21/01/1981,1192.8102
28/01/1981,1193.8786
04/02/1981,1200.4903
11/02/1981,1200.6497
18/02/1981,1205.7286
25/02/1981,1198.3923
04/03/1981,1208.5136
11/03/1981,1210.9482
18/03/1981,1211.3477
25/03/1981,1211.0125
01/04/1981,1223.711
08/04/1981,1214.3567
15/04/1981,1234.1805
22/04/1981,1226.5328
29/04/1981,1221.5249
06/05/1981,1227.5705
13/05/1981,1231.9931
20/05/1981,1231.8114
27/05/1981,1245.8515
03/06/1981,1234.5723
10/06/1981,1252.268
17/06/1981,1244.5072
24/06/1981,1256.4356
01/07/1981,1251.7318
08/07/1981,1242.9782
15/07/1981,1261.4488
22/07/1981,1249.4055
29/07/1981,1233.0575
05/08/1981,1264.559
12/08/1981,1260.3399
19/08/1981,1257.8953
26/08/1981,1264.9986
02/09/1981,1254.3702
09/09/1981,1266.3454
16/09/1981,1276.605
23/09/1981,1268.135
30/09/1981,1289.7147
07/10/1981,1223.7982
14/10/1981,1233.6807
21/10/1981,1226.5057
28/10/1981,1229.8253
04/11/1981,1237.3556
11/11/1981,1235.5422
18/11/1981,1237.7704
25/11/1981,1253.9617
02/12/1981,1251.4882
09/12/1981,1244.5259
16/12/1981,1247.8975
23/12/1981,1259.2354
30/12/1981,1239.541
06/01/1982,1253.5569
13/01/1982,1253.5954
20/01/1982,1255.0906
27/01/1982,1258.9019
03/02/1982,1260.7549
10/02/1982,1254.5546
17/02/1982,1265.4717
24/02/1982,1255.7402
03/03/1982,1267.517
10/03/1982,1263.7278
17/03/1982,1266.7527
24/03/1982,1271.915
31/03/1982,1278.866
07/04/1982,1280.0474
14/04/1982,1277.8534
21/04/1982,1276.2228
28/04/1982,1273.8067
05/05/1982,1284.261
12/05/1982,1287.9997
19/05/1982,1285.4624
26/05/1982,1290.5588
02/06/1982,1301.2771
09/06/1982,1292.9271
16/06/1982,1290.546
23/06/1982,1293.4307
30/06/1982,1302.8517
07/07/1982,1306.7435
14/07/1982,1302.3747
21/07/1982,1304.9689
28/07/1982,1313.6944
04/08/1982,1317.9072
11/08/1982,1315.4791
18/08/1982,1312.7209
25/08/1982,1327.5811
01/09/1982,1336.3003
08/09/1982,1332.6601
15/09/1982,1343.2133
22/09/1982,1333.1308
29/09/1982,1321.893
06/10/1982,1334.8025
13/10/1982,1343.9141
20/10/1982,1342.7393
27/10/1982,1349.829
03/11/1982,1359.7451
10/11/1982,1338.7853
17/11/1982,1341.4476
24/11/1982,1357.1148
01/12/1982,1358.8214
08/12/1982,1357.9811
15/12/1982,1370.869
22/12/1982,1372.8874
29/12/1982,1359.276
05/01/1983,1372.4573
12/01/1983,1382.524
19/01/1983,1376.6457
26/01/1983,1392.2491
02/02/1983,1392.7285
09/02/1983,1389.7119
16/02/1983,1380.9984
23/02/1983,1404.2564
02/03/1983,1414.4653
09/03/1983,1397.4926
16/03/1983,1408.5886
23/03/1983,1407.8092
30/03/1983,1406.8663
06/04/1983,1412.8081
13/04/1983,1409.9705
20/04/1983,1412.1999
27/04/1983,1414.5715
04/05/1983,1419.4602
11/05/1983,1424.6855
18/05/1983,1418.1324
25/05/1983,1421.1567
01/06/1983,1439.7075
08/06/1983,1424.9425
15/06/1983,1437.7178
22/06/1983,1430.7975
29/06/1983,1424.1531
06/07/1983,1444.3855
13/07/1983,1435.1971
20/07/1983,1435.0473
27/07/1983,1447.3588
03/08/1983,1440.7102
10/08/1983,1440.5208
17/08/1983,1437.6558
24/08/1983,1446.434
31/08/1983,1442.4299
07/09/1983,1449.2088
14/09/1983,1447.2257
21/09/1983,1453.366
28/09/1983,1442.3359
05/10/1983,1460.6712
12/10/1983,1468.1842
19/10/1983,1452.0973
26/10/1983,1469.896
02/11/1983,1459.7977
09/11/1983,1464.2048
16/11/1983,1471.0233
23/11/1983,1477.4027
30/11/1983,1474.1016
07/12/1983,1476.6827
14/12/1983,1475.7741
21/12/1983,1478.0128
28/12/1983,1478.5251
04/01/1984,1496.6082
11/01/1984,1495.4333
18/01/1984,1476.1257
25/01/1984,1488.9335
01/02/1984,1492.4017
08/02/1984,1485.3301
15/02/1984,1491.1134
22/02/1984,1491.2078
29/02/1984,1500.5409
07/03/1984,1495.4311
14/03/1984,1509.2893
21/03/1984,1503.7681
28/03/1984,1506.6139
04/04/1984,1516.2472
11/04/1984,1518.0133
18/04/1984,1511.6862
25/04/1984,1522.8191
02/05/1984,1522.07
09/05/1984,1530.6868
16/05/1984,1541.9836
23/05/1984,1543.6477
30/05/1984,1531.3089
06/06/1984,1546.5811
13/06/1984,1540.5262
20/06/1984,1550.2948
27/06/1984,1545.252
04/07/1984,1561.6486
11/07/1984,1558.2331
18/07/1984,1553.056
25/07/1984,1566.4666
01/08/1984,1564.2521
08/08/1984,1561.8491
15/08/1984,1572.2214
22/08/1984,1562.414
29/08/1984,1550.7714
05/09/1984,1572.234
12/09/1984,1569.2038
19/09/1984,1573.1158
26/09/1984,1572.1225
03/10/1984,1577.4956
10/10/1984,1589.9253
17/10/1984,1563.0429
24/10/1984,1590.1235
31/10/1984,1583.9074
07/11/1984,1589.6888
14/11/1984,1598.2423
21/11/1984,1596.7702
28/11/1984,1580.8372
05/12/1984,1608.1402
12/12/1984,1609.5803
19/12/1984,1607.3965
26/12/1984,1619.1068
02/01/1985,1618.4305
09/01/1985,1610.0913
16/01/1985,1618.4778
23/01/1985,1622.5393
30/01/1985,1614.6794
06/02/1985,1623.6434
13/02/1985,1627.6153
20/02/1985,1636.4484
27/02/1985,1638.4305
06/03/1985,1637.4201
13/03/1985,1639.7739
20/03/1985,1645.9736
27/03/1985,1648.9986
03/04/1985,1660.5582
10/04/1985,1662.2145
17/04/1985,1652.9343
24/04/1985,1663.2195
01/05/1985,1676.5124
08/05/1985,1669.5667
15/05/1985,1687.5011
22/05/1985,1672.9569
29/05/1985,1671.4749
05/06/1985,1682.1493
12/06/1985,1689.8281
19/06/1985,1691.4777
26/06/1985,1687.4522
03/07/1985,1686.4223
10/07/1985,1694.8117
17/07/1985,1682.1911
24/07/1985,1706.6409
31/07/1985,1700.8403
07/08/1985,1704.6007
14/08/1985,1700.8426
21/08/1985,1710.386
28/08/1985,1705.7012
04/09/1985,1725.6562
11/09/1985,1711.5278
18/09/1985,1723.4396
25/09/1985,1719.405
02/10/1985,1736.1591
09/10/1985,1720.8499
16/10/1985,1739.3568
23/10/1985,1733.7127
30/10/1985,1730.3076
06/11/1985,1732.0586
13/11/1985,1743.9865
20/11/1985,1737.6022
27/11/1985,1756.0729
04/12/1985,1755.1578
11/12/1985,1761.7279
18/12/1985,1754.0816
25/12/1985,1765.8553
01/01/1986,1768.659
08/01/1986,1763.4091
15/01/1986,1765.7804
22/01/1986,1768.1285
29/01/1986,1752.8059
05/02/1986,1772.1771
12/02/1986,1761.0513
19/02/1986,1776.4494
26/02/1986,1763.3349
05/03/1986,1780.9399
12/03/1986,1778.043
19/03/1986,1779.3427
26/03/1986,1788.808
02/04/1986,1791.0569
09/04/1986,1789.1815
16/04/1986,1791.3293
23/04/1986,1798.767
30/04/1986,1806.0406
07/05/1986,1799.3349
14/05/1986,1804.9721
21/05/1986,1801.9617
28/05/1986,1812.35
04/06/1986,1808.6906
11/06/1986,1815.7644
18/06/1986,1806.5108
25/06/1986,1826.8583
02/07/1986,1824.8824
09/07/1986,1831.1233
16/07/1986,1837.3726
23/07/1986,1840.6279
30/07/1986,1834.583
06/08/1986,1844.5322
13/08/1986,1842.7464
20/08/1986,1855.8745
27/08/1986,1866.276
03/09/1986,1868.2428
10/09/1986,1852.2051
17/09/1986,1866.6039
24/09/1986,1863.593
01/10/1986,1885.7948
08/10/1986,1863.2019
15/10/1986,1890.2345
22/10/1986,1869.2796
29/10/1986,1867.2866
05/11/1986,1880.6142
12/11/1986,1902.7421
19/11/1986,1876.3132
26/11/1986,1908.3908
03/12/1986,1900.2827
10/12/1986,1912.3027
17/12/1986,1906.3311
24/12/1986,1938.0138
31/12/1986,1951.4835
07/01/1987,1925.0302
14/01/1987,1908.2364
21/01/1987,1921.1831
28/01/1987,1923.5979
04/02/1987,1920.0035
11/02/1987,1913.0965
18/02/1987,1924.7911
25/02/1987,1918.6716
04/03/1987,1930.1976
11/03/1987,1930.1811
18/03/1987,1928.3661
25/03/1987,1935.3798
01/04/1987,1953.7927
08/04/1987,1932.2024
15/04/1987,1969.1909
22/04/1987,1945.9467
29/04/1987,1937.8976
06/05/1987,1940.2754
13/05/1987,1942.1001
20/05/1987,1954.1393
27/05/1987,1962.4867
03/06/1987,1942.1665
10/06/1987,1956.7066
17/06/1987,1942.3336
24/06/1987,1965.8784
01/07/1987,1968.0945
08/07/1987,1943.2847
15/07/1987,1969.1843
22/07/1987,1955.2396
29/07/1987,1950.0266
05/08/1987,1964.5401
12/08/1987,1964.7359
19/08/1987,1959.5985
26/08/1987,1967.7552
02/09/1987,1951.1185
09/09/1987,1963.1817
16/09/1987,1971.3128
23/09/1987,1965.8651
30/09/1987,1975.5698
07/10/1987,1962.0354
14/10/1987,1977.1585
21/10/1987,1983.095
28/10/1987,1996.8239
04/11/1987,1992.1054
11/11/1987,1985.1916
18/11/1987,1977.5612
25/11/1987,1989.0266
02/12/1987,1979.176
09/12/1987,1985.3039
16/12/1987,1993.548
23/12/1987,1998.4071
30/12/1987,1965.2952
06/01/1988,1996.5842
13/01/1988,1994.3143
20/01/1988,2006.497
27/01/1988,2002.086
03/02/1988,2004.4833
10/02/1988,2006.5992
17/02/1988,2017.8684
24/02/1988,1995.0008
02/03/1988,2011.4479
09/03/1988,2006.1907
16/03/1988,2025.0894
23/03/1988,2025.2525
30/03/1988,2008.163
06/04/1988,2024.6841
13/04/1988,2015.5532
20/04/1988,2029.2462
27/04/1988,2034.0409
04/05/1988,2044.2414
11/05/1988,2045.518
18/05/1988,2040.8573
25/05/1988,2041.6386
01/06/1988,2068.6286
08/06/1988,2051.8077
15/06/1988,2080.3623
22/06/1988,2064.228
29/06/1988,2041.3238
06/07/1988,2076.4182
13/07/1988,2060.4025
20/07/1988,2069.6675
27/07/1988,2078.5328
03/08/1988,2074.0314
10/08/1988,2075.6633
17/08/1988,2071.0125
24/08/1988,2084.5426
31/08/1988,2070.1268
07/09/1988,2082.5269
14/09/1988,2081.8475
21/09/1988,2083.889
28/09/1988,2070.361
05/10/1988,2092.1764
12/10/1988,2097.477
19/10/1988,2085.3578
26/10/1988,2099.4029
02/11/1988,2103.2773
09/11/1988,2091.6355
16/11/1988,2111.452
23/11/1988,2113.5095
30/11/1988,2110.8961
07/12/1988,2117.9929
14/12/1988,2117.2653
21/12/1988,2112.5306
28/12/1988,2108.4964
04/01/1989,2130.3256
11/01/1989,2127.9428
18/01/1989,2121.6698
25/01/1989,2123.123
01/02/1989,2139.4631
08/02/1989,2123.0499
15/02/1989,2132.3765
22/02/1989,2131.8791
01/03/1989,2165.0026
08/03/1989,2131.3243
15/03/1989,2167.5329
22/03/1989,2144.6115
29/03/1989,2137.6564
05/04/1989,2157.699
12/04/1989,2149.5851
19/04/1989,2149.6591
26/04/1989,2161.0786
03/05/1989,2152.6932
10/05/1989,2154.7104
17/05/1989,2154.1042
24/05/1989,2158.484
31/05/1989,2163.6414
07/06/1989,2158.5868
14/06/1989,2151.8753
21/06/1989,2161.1324
28/06/1989,2151.7725
05/07/1989,2184.4234
12/07/1989,2177.4169
19/07/1989,2173.428
26/07/1989,2187.667
02/08/1989,2185.9098
09/08/1989,2186.1028
16/08/1989,2188.5418
23/08/1989,2191.4329
30/08/1989,2176.513
06/09/1989,2199.9028
13/09/1989,2189.6359
20/09/1989,2204.0404
27/09/1989,2199.15
04/10/1989,2211.2694
11/10/1989,2215.61
18/10/1989,2214.5402
25/10/1989,2229.2668
01/11/1989,2244.9538
08/11/1989,2221.4081
15/11/1989,2242.6054
22/11/1989,2237.2602
29/11/1989,2213.9227
06/12/1989,2234.6499
13/12/1989,2233.893
20/12/1989,2246.2102
27/12/1989,2243.8471
03/01/1990,2252.8553
10/01/1990,2256.6027
17/01/1990,2265.0411
24/01/1990,2247.5689
31/01/1990,2254.7989
07/02/1990,2254.7892
14/02/1990,2248.2352
21/02/1990,2264.6417
28/02/1990,2265.7692
07/03/1990,2255.2389
14/03/1990,2265.6789
21/03/1990,2261.7028
28/03/1990,2268.8783
04/04/1990,2274.1768
11/04/1990,2275.887
18/04/1990,2266.1358
25/04/1990,2278.8627
02/05/1990,2274.7866
09/05/1990,2275.095
16/05/1990,2283.7282
23/05/1990,2288.701
30/05/1990,2275.5626
06/06/1990,2287.795
13/06/1990,2287.4322
20/06/1990,2297.818
27/06/1990,2304.5171
04/07/1990,2312.5575
11/07/1990,2306.012
18/07/1990,2306.1719
25/07/1990,2318.3121
01/08/1990,2326.8051
08/08/1990,2309.6838
15/08/1990,2338.6191
22/08/1990,2318.7678
29/08/1990,2302.6504
05/09/1990,2329.4234
12/09/1990,2309.6124
19/09/1990,2319.954
26/09/1990,2322.9183
03/10/1990,2326.5572
10/10/1990,2331.2416
17/10/1990,2306.5159
24/10/1990,2325.3665
31/10/1990,2324.1127
07/11/1990,2314.7833
14/11/1990,2333.9966
21/11/1990,2329.7807
28/11/1990,2310.151
05/12/1990,2333.5527
12/12/1990,2334.4227
19/12/1990,2329.938
26/12/1990,2343.3488
02/01/1991,2357.2256
09/01/1991,2349.21
16/01/1991,2337.7146
23/01/1991,2371.3139
30/01/1991,2352.9659
06/02/1991,2373.8486
13/02/1991,2371.1716
20/02/1991,2388.0629
27/02/1991,2378.9038
06/03/1991,2384.617
13/03/1991,2396.7472
20/03/1991,2394.9241
27/03/1991,2411.4044
03/04/1991,2395.9939
10/04/1991,2405.0977
17/04/1991,2397.5542
24/04/1991,2409.6798
01/05/1991,2431.0304
08/05/1991,2409.8
15/05/1991,2436.7886
22/05/1991,2420.1699
29/05/1991,2410.0693
05/06/1991,2422.6764
12/06/1991,2431.2287
19/06/1991,2419.5558
26/06/1991,2445.7005
03/07/1991,2421.7723
10/07/1991,2429.9525
17/07/1991,2428.1484
24/07/1991,2447.2076
31/07/1991,2446.79
07/08/1991,2446.1485
14/08/1991,2445.4085
21/08/1991,2454.5177
28/08/1991,2451.8292
04/09/1991,2462.7426
11/09/1991,2434.9919
18/09/1991,2452.2387
25/09/1991,2462.4144
02/10/1991,2464.6559
09/10/1991,2437.287
16/10/1991,2465.3697
23/10/1991,2457.9411
30/10/1991,2448.7741
06/11/1991,2454.1496
13/11/1991,2474.3993
20/11/1991,2460.037
27/11/1991,2484.2862
04/12/1991,2467.0951
11/12/1991,2473.755
18/12/1991,2453.3421
25/12/1991,2483.3635
01/01/1992,2451.95
08/01/1992,2466.99
15/01/1992,2482.3672
22/01/1992,2485.0538
29/01/1992,2479.4049
05/02/1992,2492.788
12/02/1992,2484.6748
19/02/1992,2484.7736
26/02/1992,2476.6756
04/03/1992,2495.4748
11/03/1992,2496.4211
18/03/1992,2485.1194
25/03/1992,2503.1439
01/04/1992,2516.2217
08/04/1992,2483.5202
15/04/1992,2522.0302
22/04/1992,2485.5044
29/04/1992,2468.3258
06/05/1992,2481.8967
13/05/1992,2482.246
20/05/1992,2487.6908
27/05/1992,2487.8517
03/06/1992,2469.6307
10/06/1992,2487.3302
17/06/1992,2471.2965
24/06/1992,2492.7165
01/07/1992,2497.9019
08/07/1992,2466.0356
15/07/1992,2499.5983
22/07/1992,2485.7993
29/07/1992,2467.009
05/08/1992,2485.9533
12/08/1992,2486.5503
19/08/1992,2478.2877
26/08/1992,2489.9021
02/09/1992,2477.7141
09/09/1992,2488.6891
16/09/1992,2500.1582
23/09/1992,2484.8358
30/09/1992,2491.3142
07/10/1992,2485.351
14/10/1992,2507.0249
21/10/1992,2497.4818
28/10/1992,2497.677
04/11/1992,2504.3778
11/11/1992,2508.6853
18/11/1992,2477.2904
25/11/1992,2513.1427
02/12/1992,2496.3762
09/12/1992,2499.2586
16/12/1992,2497.3478
23/12/1992,2512.6105
30/12/1992,2481.7753
06/01/1993,2490.7723
13/01/1993,2491.0252
20/01/1993,2489.7778
27/01/1993,2489.0059
03/02/1993,2491.3231
10/02/1993,2496.1246
17/02/1993,2498.905
24/02/1993,2479.8694
03/03/1993,2497.9191
10/03/1993,2489.0895
17/03/1993,2488.9778
24/03/1993,2503.8962
31/03/1993,2496.4787
07/04/1993,2499.4336
14/04/1993,2497.4675
21/04/1993,2484.8698
28/04/1993,2507.1018
05/05/1993,2520.3924
12/05/1993,2526.1216
19/05/1993,2509.8551
26/05/1993,2523.1683
02/06/1993,2528.831
09/06/1993,2533.3956
16/06/1993,2524.9646
23/06/1993,2529.0452
30/06/1993,2510.8301
07/07/1993,2535.7517
14/07/1993,2526.7348
21/07/1993,2512.9565
28/07/1993,2509.8901
04/08/1993,2518.8024
11/08/1993,2521.1054
18/08/1993,2503.5707
25/08/1993,2523.5349
01/09/1993,2534.0356
08/09/1993,2512.4583
15/09/1993,2563.664
22/09/1993,2509.2806
29/09/1993,2512.3665
06/10/1993,2514.7997
13/10/1993,2520.2846
20/10/1993,2513.1961
27/10/1993,2522.1213
03/11/1993,2523.8392
10/11/1993,2520.0411
17/11/1993,2510.2214
24/11/1993,2530.6006
01/12/1993,2549.9959
08/12/1993,2534.9599
15/12/1993,2564.0796
22/12/1993,2531.0345
29/12/1993,2504.2717
05/01/1994,2522.0727
12/01/1994,2535.9776
19/01/1994,2535.5561
26/01/1994,2542.4354
02/02/1994,2529.8682
09/02/1994,2531.5854
16/02/1994,2523.6382
23/02/1994,2524.3513
02/03/1994,2531.6935
09/03/1994,2512.7153
16/03/1994,2524.8857
23/03/1994,2520.9858
30/03/1994,2507.5554
06/04/1994,2512.3388
13/04/1994,2506.5984
20/04/1994,2499.4901
27/04/1994,2509.6886
04/05/1994,2513.8143
11/05/1994,2523.8944
18/05/1994,2504.8133
25/05/1994,2524.5829
01/06/1994,2534.9003
08/06/1994,2513.0514
15/06/1994,2539.2467
22/06/1994,2508.1494
29/06/1994,2494.6595
06/07/1994,2527.0959
13/07/1994,2522.2913
20/07/1994,2520.5374
27/07/1994,2527.9275
03/08/1994,2516.8818
10/08/1994,2522.3557
17/08/1994,2516.1696
24/08/1994,2532.2863
31/08/1994,2519.4967
07/09/1994,2524.3757
14/09/1994,2523.7377
21/09/1994,2522.6901
28/09/1994,2519.834
05/10/1994,2530.2372
12/10/1994,2535.4997
19/10/1994,2515.9329
26/10/1994,2534.9807
02/11/1994,2525.0762
09/11/1994,2516.9527
16/11/1994,2528.3518
23/11/1994,2539.6059
30/11/1994,2517.6366
07/12/1994,2532.739
14/12/1994,2526.2737
21/12/1994,2529.1753
28/12/1994,2534.5079
04/01/1995,2551.5602
11/01/1995,2537.5687
18/01/1995,2538.8659
25/01/1995,2544.4913
01/02/1995,2556.4689
08/02/1995,2534.8709
15/02/1995,2545.0037
22/02/1995,2543.3787
01/03/1995,2565.1787
08/03/1995,2536.9766
15/03/1995,2570.7566
22/03/1995,2545.0667
29/03/1995,2536.3453
05/04/1995,2546.7006
12/04/1995,2548.7806
19/04/1995,2547.4647
26/04/1995,2566.7999
03/05/1995,2559.4352
10/05/1995,2567.9139
17/05/1995,2563.5894
24/05/1995,2580.0775
31/05/1995,2580.855
07/06/1995,2591.9023
14/06/1995,2589.1458
21/06/1995,2593.1431
28/06/1995,2579.8034
05/07/1995,2611.6674
12/07/1995,2608.1896
19/07/1995,2605.554
26/07/1995,2634.3575
02/08/1995,2623.3435
09/08/1995,2622.5182
16/08/1995,2624.7127
23/08/1995,2631.4259
30/08/1995,2606.3888
06/09/1995,2637.9616
13/09/1995,2620.3052
20/09/1995,2636.1977
27/09/1995,2632.8527
04/10/1995,2641.7102
11/10/1995,2647.9918
18/10/1995,2621.6364
25/10/1995,2649.1642
01/11/1995,2663.0062
08/11/1995,2630.6187
15/11/1995,2650.9145
22/11/1995,2642.9867
29/11/1995,2608.0768
06/12/1995,2644.2163
13/12/1995,2638.2951
20/12/1995,2650.8393
27/12/1995,2654.1407
03/01/1996,2684.4171
10/01/1996,2683.7801
17/01/1996,2687.2355
24/01/1996,2668.7252
31/01/1996,2684.1577
07/02/1996,2676.5752
14/02/1996,2672.9031
21/02/1996,2685.3492
28/02/1996,2669.8383
06/03/1996,2683.8194
13/03/1996,2692.179
20/03/1996,2696.7535
27/03/1996,2694.681
03/04/1996,2704.1105
10/04/1996,2698.3028
17/04/1996,2695.6103
24/04/1996,2714.197
01/05/1996,2714.7858
08/05/1996,2711.7654
15/05/1996,2734.891
22/05/1996,2723.7927
29/05/1996,2705.5806
05/06/1996,2724.2927
12/06/1996,2718.8279
19/06/1996,2720.935
26/06/1996,2731.4157
03/07/1996,2723.4425
10/07/1996,2731.8691
17/07/1996,2733.99
24/07/1996,2744.4981
31/07/1996,2743.4872
07/08/1996,2738.5751
14/08/1996,2743.6346
21/08/1996,2745.2513
28/08/1996,2743.7086
04/09/1996,2774.4094
11/09/1996,2742.259
18/09/1996,2768.2999
25/09/1996,2769.749
02/10/1996,2783.5726
09/10/1996,2769.7347
16/10/1996,2815.6039
23/10/1996,2808.3256
30/10/1996,2783.9399
06/11/1996,2793.1332
13/11/1996,2814.2857
20/11/1996,2789.6735
27/11/1996,2831.9522
04/12/1996,2824.9284
11/12/1996,2828.9725
18/12/1996,2810.516
25/12/1996,2852.0942
01/01/1997,2854.2821
08/01/1997,2842.9835
15/01/1997,2841.7617
22/01/1997,2854.98
29/01/1997,2843.1516
05/02/1997,2863.9638
12/02/1997,2857.0733
19/02/1997,2876.8008
26/02/1997,2861.4456
05/03/1997,2892.8441
12/03/1997,2890.2976
19/03/1997,2883.6306
26/03/1997,2904.125
02/04/1997,2895.6599
09/04/1997,2907.5839
16/04/1997,2917.8316
23/04/1997,2915.3935
30/04/1997,2927.4874
07/05/1997,2917.6309
14/05/1997,2920.4173
21/05/1997,2916.5377
28/05/1997,2936.5885
04/06/1997,2931.4694
11/06/1997,2947.4042
18/06/1997,2945.5557
25/06/1997,2980.4657
02/07/1997,2968.1192
09/07/1997,2976.7005
16/07/1997,2984.9454
23/07/1997,2992.8295
30/07/1997,2980.4588
06/08/1997,3002.5577
13/08/1997,2995.2972
20/08/1997,3014.6358
27/08/1997,3016.8423
03/09/1997,3041.0466
10/09/1997,3003.1603
17/09/1997,3026.4784
24/09/1997,3018.5379
01/10/1997,3061.6086
08/10/1997,3027.0503
15/10/1997,3061.7485
22/10/1997,3041.5279
29/10/1997,3042.0282
05/11/1997,3059.2528
12/11/1997,3090.5708
19/11/1997,3038.7389
26/11/1997,3087.7605
03/12/1997,3068.8854
10/12/1997,3079.8658
17/12/1997,3073.4785
24/12/1997,3097.2716
31/12/1997,3074.4623
07/01/1998,3084.1897
14/01/1998,3073.7737
21/01/1998,3090.6204
28/01/1998,3080.1716
04/02/1998,3099.6389
11/02/1998,3108.0003
18/02/1998,3127.0044
25/02/1998,3118.1429
04/03/1998,3146.0464
11/03/1998,3152.2269
18/03/1998,3150.4284
25/03/1998,3168.8457
01/04/1998,3197.9341
08/04/1998,3160.8367
15/04/1998,3182.7338
22/04/1998,3152.2346
29/04/1998,3136.11
06/05/1998,3157.2612
13/05/1998,3169.1977
20/05/1998,3162.895
27/05/1998,3182.2981
03/06/1998,3171.3448
10/06/1998,3202.3285
17/06/1998,3183.8566
24/06/1998,3199.072
01/07/1998,3209.4693
08/07/1998,3169.179
15/07/1998,3198.4518
22/07/1998,3189.4727
29/07/1998,3182.4046
05/08/1998,3217.6233
12/08/1998,3211.6577
19/08/1998,3208.4778
26/08/1998,3222.9351
02/09/1998,3227.6851
09/09/1998,3237.7721
16/09/1998,3241.5566
23/09/1998,3228.7352
30/09/1998,3254.5384
07/10/1998,3240.091
14/10/1998,3270.568
21/10/1998,3262.093
28/10/1998,3268.5479
04/11/1998,3277.2032
11/11/1998,3283.8476
18/11/1998,3278.3003
25/11/1998,3312.2269
02/12/1998,3292.4645
09/12/1998,3294.8062
16/12/1998,3290.2314
23/12/1998,3304.5109
30/12/1998,3282.9757
06/01/1999,3313.4699
13/01/1999,3303.807
20/01/1999,3317.3036
27/01/1999,3305.4472
03/02/1999,3315.6195
10/02/1999,3309.6118
17/02/1999,3327.7161
24/02/1999,3296.7897
03/03/1999,3334.1151
10/03/1999,3318.5631
17/03/1999,3322.6783
24/03/1999,3319.4046
31/03/1999,3327.0983
07/04/1999,3315.0669
14/04/1999,3339.5371
21/04/1999,3327.0218
28/04/1999,3323.1056
05/05/1999,3338.1212
12/05/1999,3338.0627
19/05/1999,3331.6908
26/05/1999,3338.776
02/06/1999,3349.0494
09/06/1999,3337.8609
16/06/1999,3337.6248
23/06/1999,3358.6248
30/06/1999,3349.1277
07/07/1999,3361.5849
14/07/1999,3363.8209
21/07/1999,3349.5419
28/07/1999,3345.902
04/08/1999,3352.3207
11/08/1999,3353.9687
18/08/1999,3347.4301
25/08/1999,3363.5589
01/09/1999,3363.9439
08/09/1999,3367.5258
15/09/1999,3383.3419
22/09/1999,3367.6227
29/09/1999,3368.3684
06/10/1999,3386.4669
13/10/1999,3394.4257
20/10/1999,3394.8784
27/10/1999,3407.1268
03/11/1999,3416.5884
10/11/1999,3412.2137
17/11/1999,3414.6034
24/11/1999,3455.7173
01/12/1999,3465.3699
08/12/1999,3464.22
15/12/1999,3489.5949
22/12/1999,3488.6203
29/12/1999,3458.7574
05/01/2000,3466.1881
12/01/2000,3473.174
19/01/2000,3488.6908
26/01/2000,3489.7983
02/02/2000,3488.9251
09/02/2000,3491.3595
16/02/2000,3490.1075
23/02/2000,3505.5727
01/03/2000,3532.0479
08/03/2000,3505.0246
15/03/2000,3541.6518
22/03/2000,3532.3412
29/03/2000,3500.6476
05/04/2000,3545.8362
12/04/2000,3540.1971
19/04/2000,3564.4816
26/04/2000,3573.3799
03/05/2000,3563.9289
10/05/2000,3574.4904
17/05/2000,3564.893
24/05/2000,3577.8805
31/05/2000,3582.9531
07/06/2000,3593.6205
14/06/2000,3600.8624
21/06/2000,3605.1697
28/06/2000,3576.1524
05/07/2000,3625.4808
12/07/2000,3613.4882
19/07/2000,3619.9306
26/07/2000,3639.3521
02/08/2000,3634.5677
09/08/2000,3650.3071
16/08/2000,3655.9051
23/08/2000,3671.134
30/08/2000,3634.1474
06/09/2000,3685.345
13/09/2000,3659.3299
20/09/2000,3678.6574
27/09/2000,3649.8681
04/10/2000,3671.5937
11/10/2000,3681.244
18/10/2000,3662.7115
25/10/2000,3686.7745
01/11/2000,3690.9442
08/11/2000,3665.2588
15/11/2000,3674.8704
22/11/2000,3691.2793
29/11/2000,3643.9156
06/12/2000,3697.773
13/12/2000,3702.0469
20/12/2000,3721.3548
27/12/2000,3739.8965
03/01/2001,3778.3157
10/01/2001,3757.1876
17/01/2001,3764.9908
24/01/2001,3736.4517
31/01/2001,3765.3365
07/02/2001,3751.7032
14/02/2001,3761.1856
21/02/2001,3781.5433
28/02/2001,3801.6997
07/03/2001,3783.8838
14/03/2001,3812.215
21/03/2001,3790.46
28/03/2001,3818.4335
04/04/2001,3840.083
11/04/2001,3837.3613
18/04/2001,3842.4884
25/04/2001,3859.6738
02/05/2001,3835.6467
09/05/2001,3837.7001
16/05/2001,3863.7173
23/05/2001,3887.7803
30/05/2001,3890.9607
06/06/2001,3877.5141
13/06/2001,3884.6892
20/06/2001,3875.168
27/06/2001,3880.8264
04/07/2001,3912.5225
11/07/2001,3885.4021
18/07/2001,3874.6017
25/07/2001,3902.7435
01/08/2001,3929.935
08/08/2001,3899.709
15/08/2001,3907.4441
22/08/2001,3908.7912
29/08/2001,3895.5998
05/09/2001,3963.9224
12/09/2001,4206.0208
19/09/2001,4023.5223
26/09/2001,3970.0876
03/10/2001,3987.5572
10/10/2001,3986.3006
17/10/2001,3969.1339
24/10/2001,3993.4312
31/10/2001,4016.3347
07/11/2001,3991.5615
14/11/2001,4063.0154
21/11/2001,4031.948
28/11/2001,4010.6886
05/12/2001,4068.4758
12/12/2001,4082.6102
19/12/2001,4070.044
26/12/2001,4087.5412
02/01/2002,4084.587
09/01/2002,4092.608
16/01/2002,4066.3402
23/01/2002,4113.6783
30/01/2002,4100.6627
06/02/2002,4118.9915
13/02/2002,4122.3005
20/02/2002,4134.5518
27/02/2002,4119.3554
06/03/2002,4125.0044
13/03/2002,4129.666
20/03/2002,4134.8883
27/03/2002,4169.1105
03/04/2002,4148.2959
10/04/2002,4150.2995
17/04/2002,4140.7084
24/04/2002,4134.1206
01/05/2002,4165.0668
08/05/2002,4158.408
15/05/2002,4184.7356
22/05/2002,4172.7963
29/05/2002,4159.4119
05/06/2002,4158.3068
12/06/2002,4162.2338
19/06/2002,4167.4197
26/06/2002,4205.9075
03/07/2002,4195.0265
10/07/2002,4189.7541
17/07/2002,4214.5993
24/07/2002,4228.7953
31/07/2002,4230.4313
07/08/2002,4229.2696
14/08/2002,4255.43
21/08/2002,4250.1431
28/08/2002,4251.7946
04/09/2002,4293.7976
11/09/2002,4258.0628
18/09/2002,4267.2597
25/09/2002,4265.2166
02/10/2002,4324.8979
09/10/2002,4298.4288
16/10/2002,4347.119
23/10/2002,4342.0429
30/10/2002,4345.7838
06/11/2002,4345.1805
13/11/2002,4368.0237
20/11/2002,4336.903
27/11/2002,4388.0621
04/12/2002,4359.7982
11/12/2002,4351.9148
18/12/2002,4337.5844
25/12/2002,4377.0885
01/01/2003,4332.1041
08/01/2003,4343.383
15/01/2003,4381.1381
22/01/2003,4392.8206
29/01/2003,4389.9742
05/02/2003,4428.6052
12/02/2003,4417.8593
19/02/2003,4415.7113
26/02/2003,4403.8779
05/03/2003,4447.686
12/03/2003,4441.6117
19/03/2003,4437.3876
26/03/2003,4434.6175
02/04/2003,4449.8051
09/04/2003,4411.7376
16/04/2003,4435.1868
23/04/2003,4456.311
30/04/2003,4513.5624
07/05/2003,4473.3901
14/05/2003,4509.3635
21/05/2003,4486.4686
28/05/2003,4511.2487
04/06/2003,4515.017
11/06/2003,4533.3188
18/06/2003,4530.6247
25/06/2003,4563.0264
02/07/2003,4569.5797
09/07/2003,4561.18
16/07/2003,4586.797
23/07/2003,4599.5039
30/07/2003,4592.3562
06/08/2003,4624.2619
13/08/2003,4637.6039
20/08/2003,4613.9387
27/08/2003,4602.6899
03/09/2003,4638.2802
10/09/2003,4586.5442
17/09/2003,4604.9713
24/09/2003,4604.341
01/10/2003,4624.5717
08/10/2003,4558.5776
15/10/2003,4600.5104
22/10/2003,4580.9963
29/10/2003,4560.0885
05/11/2003,4592.6212
12/11/2003,4628.4431
19/11/2003,4571.0307
26/11/2003,4629.2734
03/12/2003,4597.5502
10/12/2003,4625.7721
17/12/2003,4619.9324
24/12/2003,4649.214
31/12/2003,4629.3129
07/01/2004,4646.1505
14/01/2004,4658.6333
21/01/2004,4658.8575
28/01/2004,4670.0832
04/02/2004,4690.0815
11/02/2004,4700.6365
18/02/2004,4724.6965
25/02/2004,4710.0041
03/03/2004,4749.5855
10/03/2004,4747.9458
17/03/2004,4764.9256
24/03/2004,4798.3225
31/03/2004,4794.0426
07/04/2004,4799.3558
14/04/2004,4821.294
21/04/2004,4825.566
28/04/2004,4832.8328
05/05/2004,4890.637
12/05/2004,4905.1288
19/05/2004,4908.0448
26/05/2004,4913.0828
02/06/2004,4915.7693
09/06/2004,4940.7456
16/06/2004,4929.5335
23/06/2004,4962.6827
30/06/2004,4937.0246
07/07/2004,4978.1693
14/07/2004,4991.2906
21/07/2004,4995.5185
28/07/2004,4993.6647
04/08/2004,5002.3469
11/08/2004,5004.9012
18/08/2004,4981.7409
25/08/2004,5023.4639
01/09/2004,5035.0027
08/09/2004,5030.5166
15/09/2004,5059.3856
22/09/2004,5052.5314
29/09/2004,5026.9536
06/10/2004,5048.0025
13/10/2004,5066.0962
20/10/2004,5072.9832
27/10/2004,5085.8085
03/11/2004,5095.086
10/11/2004,5102.3519
17/11/2004,5105.6844
24/11/2004,5158.8106
01/12/2004,5162.2342
08/12/2004,5145.9164
15/12/2004,5168.6902
22/12/2004,5170.7888
29/12/2004,5130.28
05/01/2005,5174.8864
12/01/2005,5191.9379
19/01/2005,5204.0332
26/01/2005,5193.0662
02/02/2005,5207.1314
09/02/2005,5206.5833
16/02/2005,5199.1228
23/02/2005,5259.5636
02/03/2005,5237.7688
09/03/2005,5226.5498
16/03/2005,5255.2901
23/03/2005,5264.0363
30/03/2005,5254.3519
06/04/2005,5277.7017
13/04/2005,5297.4458
20/04/2005,5293.1013
27/04/2005,5285.7146
04/05/2005,5285.0422
11/05/2005,5302.2388
18/05/2005,5287.6483
25/05/2005,5331.3246
01/06/2005,5354.2669
08/06/2005,5362.8057
15/06/2005,5378.2171
22/06/2005,5390.4282
29/06/2005,5352.9591
06/07/2005,5386.6218
13/07/2005,5381.8919
20/07/2005,5412.2543
27/07/2005,5416.3666
03/08/2005,5426.4245
10/08/2005,5434.2776
17/08/2005,5463.8996
24/08/2005,5499.3902
31/08/2005,5497.2606
07/09/2005,5504.8215
14/09/2005,5518.4292
21/09/2005,5499.8188
28/09/2005,5500.2336
05/10/2005,5517.8594
12/10/2005,5543.3034
19/10/2005,5525.6247
26/10/2005,5542.0254
02/11/2005,5542.9306
09/11/2005,5530.8786
16/11/2005,5552.6989
23/11/2005,5583.1
30/11/2005,5565.319
07/12/2005,5575.3486
14/12/2005,5580.483
21/12/2005,5602.161
28/12/2005,5607.3681
04/01/2006,5654.6005
11/01/2006,5621.3474
18/01/2006,5628.3765
25/01/2006,5646.4751
01/02/2006,5664.3397
08/02/2006,5646.5015
15/02/2006,5680.2198
22/02/2006,5681.2521
01/03/2006,5711.3446
08/03/2006,5674.2292
15/03/2006,5725.6865
22/03/2006,5719.3003
29/03/2006,5711.5828
05/04/2006,5746.8843
12/04/2006,5775.1841
19/04/2006,5772.374
26/04/2006,5786.3194
03/05/2006,5786.7567
10/05/2006,5774.3579
17/05/2006,5771.9536
24/05/2006,5800.2223
31/05/2006,5813.4825
07/06/2006,5798.7064
14/06/2006,5820.6412
21/06/2006,5824.8859
28/06/2006,5821.1046
05/07/2006,5865.9668
12/07/2006,5864.4027
19/07/2006,5864.3575
26/07/2006,5853.3241
02/08/2006,5860.996
09/08/2006,5835.7269
16/08/2006,5878.9607
23/08/2006,5913.735
30/08/2006,5880.8716
06/09/2006,5926.554
13/09/2006,5922.1519
20/09/2006,5907.7904
27/09/2006,5904.9151
04/10/2006,6028.3648
11/10/2006,6030.1703
18/10/2006,6003.778
25/10/2006,6023.7993
01/11/2006,6043.207
08/11/2006,6028.9414
15/11/2006,6066.2809
22/11/2006,6098.8836
29/11/2006,6067.1104
06/12/2006,6095.7531
13/12/2006,6098.4236
20/12/2006,6101.2718
27/12/2006,6103.3091
03/01/2007,6126.9772
10/01/2007,6119.987
17/01/2007,6149.5456
24/01/2007,6148.963
31/01/2007,6163.5916
07/02/2007,6150.0798
14/02/2007,6175.7242
21/02/2007,6180.2899
28/02/2007,6219.9932
07/03/2007,6207.5204
14/03/2007,6176.6775
21/03/2007,6177.6565
28/03/2007,6213.5479
04/04/2007,6250.0615
11/04/2007,6257.4363
18/04/2007,6267.1664
25/04/2007,6287.1778
02/05/2007,6285.2527
09/05/2007,6283.5535
16/05/2007,6294.1532
23/05/2007,6315.5376
30/05/2007,6272.6019
06/06/2007,6281.9073
13/06/2007,6279.1049
20/06/2007,6281.1241
27/06/2007,6304.5101
04/07/2007,6330.6765
11/07/2007,6313.7499
18/07/2007,6303.1663
25/07/2007,6340.0949
01/08/2007,6366.2142
08/08/2007,6353.3037
15/08/2007,6399.3566
22/08/2007,6405.8226
29/08/2007,6378.3479
05/09/2007,6443.8556
12/09/2007,6432.7586
19/09/2007,6445.3185
26/09/2007,6452.6842
03/10/2007,6467.254
10/10/2007,6480.8527
17/10/2007,6556.7934
24/10/2007,6632.3225
31/10/2007,6656.7661
07/11/2007,6640.8744
14/11/2007,6711.079
21/11/2007,6676.9116
28/11/2007,6645.397
05/12/2007,6692.6295
12/12/2007,6665.6824
19/12/2007,6663.644
26/12/2007,6684.6362
02/01/2008,6695.7921
09/01/2008,6683.0096
16/01/2008,6695.9603
23/01/2008,6725.2713
30/01/2008,6727.3626
06/02/2008,6772.2843
13/02/2008,6778.2869
20/02/2008,6792.1617
27/02/2008,6759.1356
05/03/2008,6811.305
12/03/2008,6831.1256
19/03/2008,6850.7788
26/03/2008,6828.7132
02/04/2008,6841.7234
09/04/2008,6843.7906
16/04/2008,6869.9782
23/04/2008,6880.0742
30/04/2008,6822.8781
07/05/2008,6795.5974
14/05/2008,6837.6858
21/05/2008,6853.9028
28/05/2008,6838.228
04/06/2008,6845.2893
11/06/2008,6862.0772
18/06/2008,6853.1756
25/06/2008,6871.3832
02/07/2008,6843.4221
09/07/2008,6847.6976
16/07/2008,6895.9353
23/07/2008,6885.5866
30/07/2008,6830.0668
06/08/2008,6858.1084
13/08/2008,6861.627
20/08/2008,6871.8791
27/08/2008,6869.7748
03/09/2008,6914.6096
10/09/2008,6901.1258
17/09/2008,7112.8726
24/09/2008,7105.5696
01/10/2008,7259.845
08/10/2008,7154.4815
15/10/2008,7166.8027
22/10/2008,7137.7466
29/10/2008,7089.601
05/11/2008,7105.6725
12/11/2008,7109.1356
19/11/2008,7033.2991
26/11/2008,7107.509
03/12/2008,7126.4727
10/12/2008,7213.2157
17/12/2008,7221.524
24/12/2008,7253.0914
31/12/2008,7237.306
07/01/2009,7242.2778
14/01/2009,7281.2037
21/01/2009,7297.4574
28/01/2009,7260.5321
04/02/2009,7266.082
11/02/2009,7255.8662
18/02/2009,7251.9136
25/02/2009,7256.5466
04/03/2009,7282.3608
11/03/2009,7289.6103
18/03/2009,7261.2509
25/03/2009,7321.0635
01/04/2009,7323.2634
08/04/2009,7300.0699
15/04/2009,7326.1872
22/04/2009,7341.2801
29/04/2009,7365.0765
06/05/2009,7417.5755
13/05/2009,7453.8747
20/05/2009,7441.5048
27/05/2009,7461.9843
03/06/2009,7487.021
10/06/2009,7516.2563
17/06/2009,7534.4065
24/06/2009,7526.1304
01/07/2009,7504.9294
08/07/2009,7482.846
15/07/2009,7505.996
22/07/2009,7493.8858
29/07/2009,7486.1603
05/08/2009,7535.6006
12/08/2009,7537.7548
19/08/2009,7505.5894
26/08/2009,7539.38
02/09/2009,7545.8827
09/09/2009,7550.5459
16/09/2009,7561.8628
23/09/2009,7564.3068
30/09/2009,7557.7711
07/10/2009,7568.5082
14/10/2009,7625.4102
21/10/2009,7596.4235
28/10/2009,7581.1039
04/11/2009,7652.2648
11/11/2009,7645.891
18/11/2009,7632.2882
25/11/2009,7705.9843
02/12/2009,7705.5693
09/12/2009,7707.4878
16/12/2009,7701.5625
23/12/2009,7716.5219
30/12/2009,7649.9745
06/01/2010,7664.2247
13/01/2010,7670.5458
20/01/2010,7673.1942
27/01/2010,7689.2791
03/02/2010,7695.365
10/02/2010,7685.2647
17/02/2010,7724.5778
24/02/2010,7700.5971
03/03/2010,7697.4435
10/03/2010,7678.2211
17/03/2010,7704.2874
24/03/2010,7696.3159
31/03/2010,7690.961
07/04/2010,7671.4188
14/04/2010,7703.6279
21/04/2010,7703.4613
28/04/2010,7704.3703
05/05/2010,7695.1062
12/05/2010,7688.7832
19/05/2010,7659.9441
26/05/2010,7672.3153
02/06/2010,7670.7207
09/06/2010,7687.0651
16/06/2010,7683.6737
23/06/2010,7709.7653
30/06/2010,7679.6343
07/07/2010,7690.3098
14/07/2010,7726.629
21/07/2010,7728.1145
28/07/2010,7741.5844
04/08/2010,7761.6161
11/08/2010,7762.1449
18/08/2010,7734.6378
25/08/2010,7799.0325
01/09/2010,7800.0984
08/09/2010,7800.0695
15/09/2010,7817.1826
22/09/2010,7784.1705
29/09/2010,7776.2663
06/10/2010,7816.8196
13/10/2010,7823.6449
20/10/2010,7840.049
27/10/2010,7858.2911
03/11/2010,7861.2628
10/11/2010,7866.1681
17/11/2010,7896.5044
24/11/2010,7905.3617
01/12/2010,7883.4209
08/12/2010,7878.8606
15/12/2010,7878.9356
22/12/2010,7870.0951
29/12/2010,7848.517
05/01/2011,7883.6536
12/01/2011,7902.6651
19/01/2011,7883.0903
26/01/2011,7910.6767
02/02/2011,7898.9623
09/02/2011,7913.676
16/02/2011,7927.9528
23/02/2011,7958.3862
02/03/2011,7976.7802
09/03/2011,7979.8842
16/03/2011,7988.7231
23/03/2011,8001.3475
30/03/2011,7996.3711
06/04/2011,8045.9703
13/04/2011,8055.4384
20/04/2011,8075.3315
27/04/2011,8096.7184
04/05/2011,8138.4559
11/05/2011,8163.1348
18/05/2011,8130.5952
25/05/2011,8191.9362
01/06/2011,8202.7117
08/06/2011,8158.7697
15/06/2011,8167.4823
22/06/2011,8228.5753
29/06/2011,8219.8197
06/07/2011,8255.4362
13/07/2011,8257.8327
20/07/2011,8237.7834
27/07/2011,8327.0063
03/08/2011,8350.4639
10/08/2011,8350.464
17/08/2011,8350.2128
24/08/2011,8349.0223
31/08/2011,8357.2215
07/09/2011,8357.4509
14/09/2011,8379.718
21/09/2011,8384.3137
28/09/2011,8389.0811
05/10/2011,8395.5702
12/10/2011,8366.7676
19/10/2011,8349.644
26/10/2011,8383.3672
02/11/2011,8409.3448
09/11/2011,8390.3121
16/11/2011,8402.5556
23/11/2011,8393.3976
30/11/2011,8405.1084
07/12/2011,8412.0948
14/12/2011,8435.4613
21/12/2011,8403.3847
28/12/2011,8435.7789
04/01/2012,8488.3481
11/01/2012,8484.2279
18/01/2012,8457.0371
25/01/2012,8479.4731
01/02/2012,8555.3857
08/02/2012,8558.8668
15/02/2012,8554.6315
22/02/2012,8542.3043
29/02/2012,8575.9596
07/03/2012,8583.2897
14/03/2012,8629.5861
21/03/2012,8602.8871
28/03/2012,8596.31
04/04/2012,8650.2972
11/04/2012,8638.5448
18/04/2012,8612.7666
25/04/2012,8662.3353
02/05/2012,8674.4509
09/05/2012,8673.9229
16/05/2012,8681.3837
23/05/2012,8678.2606
30/05/2012,8635.9177
06/06/2012,8732.3032
13/06/2012,8745.9508
20/06/2012,8708.438
27/06/2012,8744.8204
04/07/2012,8791.3983
11/07/2012,8785.6805
18/07/2012,8771.5644
25/07/2012,8846.5724
01/08/2012,8827.5546
08/08/2012,8863.8509
15/08/2012,8874.299
22/08/2012,8876.5711
29/08/2012,8877.0195
05/09/2012,8923.0956
12/09/2012,8905.6798
19/09/2012,8900.4608
26/09/2012,8942.147
03/10/2012,8982.7572
10/10/2012,8969.3146
17/10/2012,8978.1985
24/10/2012,8985.6698
31/10/2012,9054.155
07/11/2012,9086.8927
14/11/2012,9132.9775
21/11/2012,9109.3355
28/11/2012,9105.0546
05/12/2012,9187.6621
12/12/2012,9202.6602
19/12/2012,9241.0597
26/12/2012,9307.5977
02/01/2013,9325.4405
09/01/2013,9257.057
16/01/2013,9246.6975
23/01/2013,9256.3623
30/01/2013,9241.9899
06/02/2013,9268.6841
13/02/2013,9272.856
20/02/2013,9243.4713
27/02/2013,9267.1117
06/03/2013,9284.8791
13/03/2013,9309.1826
20/03/2013,9304.2623
27/03/2013,9394.2452
03/04/2013,9363.9089
10/04/2013,9349.5562
17/04/2013,9363.2277
24/04/2013,9354.9172
01/05/2013,9384.676
08/05/2013,9362.4629
15/05/2013,9391.5115
22/05/2013,9402.8144
29/05/2013,9389.1657
05/06/2013,9429.9858
12/06/2013,9447.4383
19/06/2013,9401.3005
26/06/2013,9432.0528
03/07/2013,9441.9433
10/07/2013,9448.0531
17/07/2013,9504.5426
24/07/2013,9510.9039
31/07/2013,9514.8219
07/08/2013,9505.4098
14/08/2013,9538.0308
21/08/2013,9520.3061
28/08/2013,9556.6331
04/09/2013,9566.0215
11/09/2013,9557.675
18/09/2013,9588.8186
25/09/2013,9626.6985
02/10/2013,9659.062
09/10/2013,9641.7901
16/10/2013,9725.3919
23/10/2013,9697.6838
30/10/2013,9695.1332
06/11/2013,9675.4938
13/11/2013,9704.3431
20/11/2013,9716.0106
27/11/2013,9776.5055
04/12/2013,9768.5711
11/12/2013,9776.1357
18/12/2013,9774.1916
25/12/2013,9848.9721
01/01/2014,9845.912
08/01/2014,9837.5547
15/01/2014,9865.0333
22/01/2014,9882.6321
29/01/2014,9878.5533
05/02/2014,9889.2164
12/02/2014,9930.9462
19/02/2014,9958.4718
26/02/2014,9914.7273
05/03/2014,9967.1108
12/03/2014,9988.3871
19/03/2014,10005.6353
26/03/2014,10002.9934
02/04/2014,10013.4338
09/04/2014,10063.6588
16/04/2014,10069.7154
23/04/2014,10076.8266
30/04/2014,10144.2658
07/05/2014,10111.1141
14/05/2014,10130.8626
21/05/2014,10150.543
28/05/2014,10167.2263
04/06/2014,10153.5783
11/06/2014,10161.3363
18/06/2014,10140.2492
25/06/2014,10198.2377
02/07/2014,10185.4531
09/07/2014,10212.4737
16/07/2014,10236.4261
23/07/2014,10236.966
30/07/2014,10214.6164
06/08/2014,10183.1767
13/08/2014,10186.5485
20/08/2014,10224.3804
27/08/2014,10254.8428
03/09/2014,10328.9293
10/09/2014,10308.1765
17/09/2014,10335.5432
24/09/2014,10364.3908
01/10/2014,10314.7601
08/10/2014,10274.4723
15/10/2014,10301.3317
22/10/2014,10308.3417
29/10/2014,10272.8975
05/11/2014,10317.7723
12/11/2014,10388.3335
19/11/2014,10346.1232
26/11/2014,10443.702
03/12/2014,10422.6622
10/12/2014,10472.7607
17/12/2014,10476.694
24/12/2014,10488.8105
31/12/2014,10470.2406
07/01/2015,10503.2036
14/01/2015,10503.5464
21/01/2015,10511.6144
28/01/2015,10539.7802
04/02/2015,10581.1336
11/02/2015,10591.2887
18/02/2015,10618.8037
25/02/2015,10667.5588
04/03/2015,10658.7518
11/03/2015,10665.6702
18/03/2015,10657.3347
25/03/2015,10673.8161
01/04/2015,10728.4829
08/04/2015,10679.7533
15/04/2015,10699.9662
22/04/2015,10651.399
29/04/2015,10655.4666
06/05/2015,10657.0126
13/05/2015,10726.7454
20/05/2015,10692.4903
27/05/2015,10734.1539
03/06/2015,10711.2029
10/06/2015,10713.7323
17/06/2015,10740.9474
24/06/2015,10783.2096
01/07/2015,10780.7313
08/07/2015,10765.0615
15/07/2015,10793.1262
22/07/2015,10814.1766
29/07/2015,10763.9093
05/08/2015,10799.9959
12/08/2015,10812.9257
19/08/2015,10839.0842
26/08/2015,10883.666
02/09/2015,10859.5023
09/09/2015,10873.8238
16/09/2015,10855.5399
23/09/2015,10862.0785
30/09/2015,10873.9199
07/10/2015,10881.2068
14/10/2015,10893.8801
21/10/2015,10929.5904
28/10/2015,10952.646
04/11/2015,10971.9974
11/11/2015,10966.5797
18/11/2015,10942.8659
25/11/2015,10977.343
02/12/2015,10932.4664
09/12/2015,10949.7865
16/12/2015,10924.0988
23/12/2015,10950.265
30/12/2015,10871.6989
06/01/2016,10948.1126
13/01/2016,10949.881
20/01/2016,10959.1622
27/01/2016,10968.1714
03/02/2016,10984.4475
10/02/2016,10997.7814
17/02/2016,11026.5664
24/02/2016,11025.8445
02/03/2016,11061.5207
09/03/2016,11078.4547
16/03/2016,11072.5708
23/03/2016,11123.3197
30/03/2016,11085.3942
06/04/2016,11122.9735
13/04/2016,11150.8288
20/04/2016,11165.3024
27/04/2016,11143.0368
04/05/2016,11187.7421
11/05/2016,11183.2818
18/05/2016,11173.4493
25/05/2016,11200.1277
01/06/2016,11226.9258
08/06/2016,11265.7065
15/06/2016,11287.5513
22/06/2016,11266.5464
29/06/2016,11250.5544
06/07/2016,11283.8929
13/07/2016,11280.3606
20/07/2016,11274.2579
27/07/2016,11284.0745
03/08/2016,11353.1252
10/08/2016,11350.1679
17/08/2016,11394.1947
24/08/2016,11383.9039
31/08/2016,11374.2861
07/09/2016,11387.8768
14/09/2016,11421.9727
21/09/2016,11357.6721
28/09/2016,11350.9951
05/10/2016,11370.5703
12/10/2016,11369.8148
19/10/2016,11365.5057
26/10/2016,11400.2703
02/11/2016,11389.893
09/11/2016,11416.6497
16/11/2016,11437.585
23/11/2016,11426.881
30/11/2016,11426.7145
07/12/2016,11438.1669
14/12/2016,11471.4494
21/12/2016,11459.5198
28/12/2016,11485.7745
04/01/2017,11532.6227
11/01/2017,11502.7452
18/01/2017,11539.3562
25/01/2017,11518.5628
01/02/2017,11582.1643
08/02/2017,11548.1322
15/02/2017,11579.094
22/02/2017,11554.6456
01/03/2017,11610.3207
08/03/2017,11590.3515
15/03/2017,11656.4091
22/03/2017,11646.7944
29/03/2017,11623.0075
05/04/2017,11657.6381
12/04/2017,11665.7949
19/04/2017,11676.6533
26/04/2017,11669.3791
03/05/2017,11676.3202
10/05/2017,11705.6377
17/05/2017,11724.6752
24/05/2017,11747.4653
31/05/2017,11743.3055
07/06/2017,11731.5402
14/06/2017,11720.3406
21/06/2017,11721.9691
28/06/2017,11711.6286
05/07/2017,11764.6317
12/07/2017,11749.4597
19/07/2017,11766.5344
26/07/2017,11803.4206
02/08/2017,11805.4416
09/08/2017,11804.1758
16/08/2017,11830.5111
23/08/2017,11831.8191
30/08/2017,11814.6071
06/09/2017,11853.7534
13/09/2017,11861.1724
20/09/2017,11873.5963
27/09/2017,11874.0952
04/10/2017,11939.5646
11/10/2017,11947.0088
18/10/2017,11900.1168
25/10/2017,11948.791
01/11/2017,11985.2578
08/11/2017,11950.9319
15/11/2017,11953.8588
22/11/2017,11952.6949
29/11/2017,11912.948
06/12/2017,11967.5425
13/12/2017,11959.3142
20/12/2017,11956.7074
27/12/2017,11959.2188
03/01/2018,11971.8528
10/01/2018,11962.5791
17/01/2018,11993.6591
24/01/2018,11990.4164
31/01/2018,12028.082
07/02/2018,11972.0557
14/02/2018,11970.641
21/02/2018,11956.4394
28/02/2018,12030.8566
07/03/2018,11986.5388
14/03/2018,12011.0643
21/03/2018,11962.1233
28/03/2018,12037.5902
04/04/2018,12070.5896
11/04/2018,12084.4291
18/04/2018,12081.6643
25/04/2018,12097.0675
02/05/2018,12075.6293
09/05/2018,12101.5568
16/05/2018,12084.6801
23/05/2018,12132.1146
30/05/2018,12148.363
06/06/2018,12150.2414
13/06/2018,12153.7846
20/06/2018,12165.5959
27/06/2018,12183.2785
04/07/2018,12217.8643
11/07/2018,12187.2123
18/07/2018,12176.2187
25/07/2018,12229.8528
01/08/2018,12239.9864
08/08/2018,12218.1295
15/08/2018,12243.0441
22/08/2018,12238.1111
29/08/2018,12223.4296
05/09/2018,12234.7022
12/09/2018,12232.756
19/09/2018,12262.2206
26/09/2018,12309.6564
03/10/2018,12299.2119
10/10/2018,12313.5604
17/10/2018,12287.0719
24/10/2018,12312.6537
31/10/2018,12305.5746
07/11/2018,12261.3861
14/11/2018,12276.1821
21/11/2018,12280.0364
28/11/2018,12301.979
05/12/2018,12378.122
12/12/2018,12329.8991
19/12/2018,12373.539
26/12/2018,12451.723
02/01/2019,12462.2495
09/01/2019,12464.8095
16/01/2019,12440.0871
23/01/2019,12504.7733
30/01/2019,12459.7988
06/02/2019,12511.0615
13/02/2019,12488.5638
20/02/2019,12499.8507
27/02/2019,12514.9179
06/03/2019,12543.9107
13/03/2019,12532.2151
20/03/2019,12568.0557
27/03/2019,12617.369
03/04/2019,12618.0538
10/04/2019,12615.8115
17/04/2019,12609.9346
24/04/2019,12625.1387
01/05/2019,12678.8139
08/05/2019,12659.2629
15/05/2019,12719.1473
22/05/2019,12668.3003
29/05/2019,12678.6737
05/06/2019,12722.4639
12/06/2019,12745.1983
19/06/2019,12769.6878
26/06/2019,12819.2567
03/07/2019,12796.3851
10/07/2019,12747.4629
17/07/2019,12777.5273
24/07/2019,12809.3637
31/07/2019,12829.2227
07/08/2019,12837.7832
14/08/2019,12821.5054
21/08/2019,12820.2442
28/08/2019,12850.3823
04/09/2019,12896.6359
11/09/2019,12866.6079
18/09/2019,12907.6915
25/09/2019,12978.333
02/10/2019,13040.1478
09/10/2019,13035.4928
16/10/2019,13063.7883
23/10/2019,13063.0388
30/10/2019,13036.6856
06/11/2019,13093.4703
13/11/2019,13133.3496
20/11/2019,13142.4692
27/11/2019,13179.7746
04/12/2019,13162.2008
11/12/2019,13190.6212
18/12/2019,13186.4375
25/12/2019,13189.6499
01/01/2020,13192.8353
08/01/2020,13257.3631
15/01/2020,13296.5771
22/01/2020,13293.6698
29/01/2020,13285.0225
05/02/2020,13328.646
12/02/2020,13330.0723
19/02/2020,13370.1668
26/02/2020,13344.9201
04/03/2020,13438.5692
11/03/2020,13475.6127
18/03/2020,13756.2526
25/03/2020,14122.8924
01/04/2020,14271.3167
08/04/2020,14257.7077
15/04/2020,14627.3287
22/04/2020,14874.6878
29/04/2020,15010.1416
06/05/2020,15182.2426
13/05/2020,15270.0432
20/05/2020,15324.6733
27/05/2020,15362.3356
03/06/2020,15367.936
10/06/2020,15447.8389
17/06/2020,15523.1507
24/06/2020,15583.7164
01/07/2020,15556.5842
08/07/2020,15588.2042
15/07/2020,15597.7675
22/07/2020,15499.8203
29/07/2020,15454.1737
05/08/2020,15514.8452
12/08/2020,15526.8605
19/08/2020,15546.2855
26/08/2020,15556.1247
02/09/2020,15595.5183
09/09/2020,15650.3092
16/09/2020,15725.7374
23/09/2020,15714.0226
30/09/2020,15686.5479
07/10/2020,15686.2981
14/10/2020,15788.4582
21/10/2020,15785.8479
28/10/2020,15825.6552
04/11/2020,15872.3501
11/11/2020,15872.0008
18/11/2020,15891.7174
25/11/2020,15970.6225
02/12/2020,15956.9376
09/12/2020,15981.6141
16/12/2020,16015.0687
23/12/2020,16013.0266
30/12/2020,16059.4053
06/01/2021,16108.3593
13/01/2021,16151.9811
20/01/2021,16157.3116
27/01/2021,16255.6284
03/02/2021,16282.6522
10/02/2021,16329.0061
17/02/2021,16417.6251
24/02/2021,16389.1166
03/03/2021,16450.3815
10/03/2021,16516.0492
17/03/2021,16701.6674
24/03/2021,16734.8028
31/03/2021,16741.4646
07/04/2021,16793.7155
14/04/2021,16886.3
21/04/2021,16897.1075
28/04/2021,16983.7254
05/05/2021,17067.4253
12/05/2021,17124.482
19/05/2021,17107.9597
26/05/2021,17075.9458
02/06/2021,17086.5423
09/06/2021,17194.3766
16/06/2021,17140.2771
23/06/2021,17127.2968
30/06/2021,17079.7211
07/07/2021,17143.532
14/07/2021,17216.9273
21/07/2021,17280.4025
28/07/2021,17277.808
04/08/2021,17292.2049
11/08/2021,17341.8965
18/08/2021,17406.6771
25/08/2021,17459.0284
01/09/2021,17504.354
08/09/2021,17478.753
15/09/2021,17553.506
22/09/2021,17525.012
29/09/2021,17550.1743
06/10/2021,17587.4797
13/10/2021,17603.4566
20/10/2021,17660.3518
27/10/2021,17701.7021
03/11/2021,17723.0214
10/11/2021,17754.8659
17/11/2021,17791.9455
24/11/2021,17836.2282
01/12/2021,17870.7742
08/12/2021,17856.4191
15/12/2021,17894.6877
22/12/2021,17927.5919
29/12/2021,17885.7139
05/01/2022,17936.6472
12/01/2022,17957.6019
19/01/2022,18007.1282
26/01/2022,18004.3448
02/02/2022,17999.3272
09/02/2022,18026.7123
16/02/2022,18006.407
23/02/2022,18055.6534
02/03/2022,18058.5192
09/03/2022,18057.4011
16/03/2022,18071.9732
23/03/2022,18089.5637
30/03/2022,18135.29
06/04/2022,18162.8239
13/04/2022,18203.97
20/04/2022,18095.6067
27/04/2022,18133.5057
04/05/2022,18136.8227
11/05/2022,18087.0078
18/05/2022,18096.4815
25/05/2022,18144.6147
01/06/2022,18113.1679
08/06/2022,18062.5273
15/06/2022,18040.0774
22/06/2022,18090.519
29/06/2022,18043.2889
06/07/2022,18017.5554
13/07/2022,18046.6679
20/07/2022,18056.2912
27/07/2022,18118.9567
03/08/2022,18027.6803
10/08/2022,18052.5283
17/08/2022,18050.3349
24/08/2022,18067.0696
31/08/2022,18022.6788
07/09/2022,17953.6005
14/09/2022,17964.5515
21/09/2022,17949.9295
28/09/2022,17899.728
05/10/2022,17814.6622
12/10/2022,17788.4257
19/10/2022,17763.5502
26/10/2022,17794.5496
02/11/2022,17713.7335
09/11/2022,17722.4825
16/11/2022,17725.4076
23/11/2022,17739.2402
30/11/2022,17669.8726
07/12/2022,17746.7053
14/12/2022,17738.534
21/12/2022,17755.7713
28/12/2022,17724.6784
04/01/2023,17736.8739
11/01/2023,17681.1705
18/01/2023,17715.8179
25/01/2023,17723.972
01/02/2023,17711.5676
08/02/2023,17665.217
15/02/2023,17670.7628
22/02/2023,17637.8185
01/03/2023,17615.5606
08/03/2023,17553.7135
15/03/2023,17422.0554
22/03/2023,17321.2691
29/03/2023,17284.4704
05/04/2023,17293.9924
12/04/2023,17233.7198
19/04/2023,17259.2128
26/04/2023,17232.5176
03/05/2023,17248.6067
10/05/2023,17231.5045
17/05/2023,17250.2203
24/05/2023,17304.8954
31/05/2023,17338.6638
07/06/2023,17284.5146
14/06/2023,17301.162
21/06/2023,17338.9774
28/06/2023,17342.8772
05/07/2023,17371.1462
12/07/2023,17309.1112
19/07/2023,17345.3152
26/07/2023,17347.592
02/08/2023,17363.2836
09/08/2023,17346.9242
16/08/2023,17305.931
23/08/2023,17335.3728
30/08/2023,17274.0507
06/09/2023,17297.5356
13/09/2023,17286.983
20/09/2023,17335.3933
27/09/2023,17374.8687
04/10/2023,17362.4389
11/10/2023,17353.6147
18/10/2023,17270.7462
25/10/2023,17321.5939
01/11/2023,17351.3
08/11/2023,17302.0011
15/11/2023,17338.6099
22/11/2023,17338.7986
29/11/2023,17284.5841
06/12/2023,17312.1618
13/12/2023,17323.2766
20/12/2023,17396.7384
27/12/2023,17421.1495
03/01/2024,17398.5224
10/01/2024,17387.1203
17/01/2024,17438.5365
